,IEEE,00137A0000013683
,EP,01
,DeviceName,Z311G 2-4
,BeginTime,2014-10-03
,EndTime,2014-10-03

IEEE,EP,Intime,Lux
00137A0000013683,01,"10/3/2014 12:00:17 AM",1
00137A0000013683,01,"10/3/2014 12:01:17 AM",1
00137A0000013683,01,"10/3/2014 12:02:17 AM",1
00137A0000013683,01,"10/3/2014 12:03:17 AM",1
00137A0000013683,01,"10/3/2014 12:04:16 AM",1
00137A0000013683,01,"10/3/2014 12:05:16 AM",1
00137A0000013683,01,"10/3/2014 12:06:16 AM",1
00137A0000013683,01,"10/3/2014 12:07:16 AM",1
00137A0000013683,01,"10/3/2014 12:08:15 AM",1
00137A0000013683,01,"10/3/2014 12:09:15 AM",1
00137A0000013683,01,"10/3/2014 12:10:15 AM",1
00137A0000013683,01,"10/3/2014 12:11:15 AM",1
00137A0000013683,01,"10/3/2014 12:12:14 AM",1
00137A0000013683,01,"10/3/2014 12:13:14 AM",1
00137A0000013683,01,"10/3/2014 12:14:14 AM",1
00137A0000013683,01,"10/3/2014 12:15:14 AM",1
00137A0000013683,01,"10/3/2014 12:16:13 AM",1
00137A0000013683,01,"10/3/2014 12:17:13 AM",1
00137A0000013683,01,"10/3/2014 12:18:13 AM",1
00137A0000013683,01,"10/3/2014 12:19:13 AM",1
00137A0000013683,01,"10/3/2014 12:20:12 AM",1
00137A0000013683,01,"10/3/2014 12:21:12 AM",1
00137A0000013683,01,"10/3/2014 12:22:12 AM",1
00137A0000013683,01,"10/3/2014 12:23:12 AM",1
00137A0000013683,01,"10/3/2014 12:24:11 AM",1
00137A0000013683,01,"10/3/2014 12:25:11 AM",1
00137A0000013683,01,"10/3/2014 12:26:11 AM",1
00137A0000013683,01,"10/3/2014 12:27:11 AM",1
00137A0000013683,01,"10/3/2014 12:28:10 AM",1
00137A0000013683,01,"10/3/2014 12:30:10 AM",1
00137A0000013683,01,"10/3/2014 12:31:10 AM",1
00137A0000013683,01,"10/3/2014 12:32:09 AM",1
00137A0000013683,01,"10/3/2014 12:33:09 AM",1
00137A0000013683,01,"10/3/2014 12:34:09 AM",1
00137A0000013683,01,"10/3/2014 12:36:08 AM",1
00137A0000013683,01,"10/3/2014 12:37:08 AM",1
00137A0000013683,01,"10/3/2014 12:38:08 AM",1
00137A0000013683,01,"10/3/2014 12:39:08 AM",1
00137A0000013683,01,"10/3/2014 12:40:07 AM",1
00137A0000013683,01,"10/3/2014 12:41:07 AM",1
00137A0000013683,01,"10/3/2014 12:42:07 AM",1
00137A0000013683,01,"10/3/2014 12:43:07 AM",1
00137A0000013683,01,"10/3/2014 12:44:07 AM",1
00137A0000013683,01,"10/3/2014 12:45:06 AM",1
00137A0000013683,01,"10/3/2014 12:46:06 AM",1
00137A0000013683,01,"10/3/2014 12:47:06 AM",1
00137A0000013683,01,"10/3/2014 12:48:05 AM",1
00137A0000013683,01,"10/3/2014 12:49:05 AM",1
00137A0000013683,01,"10/3/2014 12:50:05 AM",1
00137A0000013683,01,"10/3/2014 12:51:05 AM",1
00137A0000013683,01,"10/3/2014 12:51:05 AM",1
00137A0000013683,01,"10/3/2014 12:52:04 AM",1
00137A0000013683,01,"10/3/2014 12:53:04 AM",1
00137A0000013683,01,"10/3/2014 12:54:04 AM",1
00137A0000013683,01,"10/3/2014 12:55:04 AM",1
00137A0000013683,01,"10/3/2014 12:56:04 AM",1
00137A0000013683,01,"10/3/2014 12:57:03 AM",1
00137A0000013683,01,"10/3/2014 12:58:03 AM",1
00137A0000013683,01,"10/3/2014 12:59:03 AM",1
00137A0000013683,01,"10/3/2014 1:00:03 AM",1
00137A0000013683,01,"10/3/2014 1:01:02 AM",1
00137A0000013683,01,"10/3/2014 1:02:02 AM",1
00137A0000013683,01,"10/3/2014 1:03:02 AM",1
00137A0000013683,01,"10/3/2014 1:04:02 AM",1
00137A0000013683,01,"10/3/2014 1:05:01 AM",1
00137A0000013683,01,"10/3/2014 1:06:01 AM",1
00137A0000013683,01,"10/3/2014 1:06:01 AM",1
00137A0000013683,01,"10/3/2014 1:07:01 AM",1
00137A0000013683,01,"10/3/2014 1:08:01 AM",1
00137A0000013683,01,"10/3/2014 1:09:00 AM",1
00137A0000013683,01,"10/3/2014 1:10:00 AM",1
00137A0000013683,01,"10/3/2014 1:11:00 AM",1
00137A0000013683,01,"10/3/2014 1:12:00 AM",1
00137A0000013683,01,"10/3/2014 1:12:59 AM",1
00137A0000013683,01,"10/3/2014 1:13:59 AM",1
00137A0000013683,01,"10/3/2014 1:14:59 AM",1
00137A0000013683,01,"10/3/2014 1:15:59 AM",1
00137A0000013683,01,"10/3/2014 1:16:58 AM",1
00137A0000013683,01,"10/3/2014 1:17:58 AM",1
00137A0000013683,01,"10/3/2014 1:18:58 AM",1
00137A0000013683,01,"10/3/2014 1:19:58 AM",1
00137A0000013683,01,"10/3/2014 1:20:57 AM",1
00137A0000013683,01,"10/3/2014 1:21:57 AM",1
00137A0000013683,01,"10/3/2014 1:22:57 AM",1
00137A0000013683,01,"10/3/2014 1:23:57 AM",1
00137A0000013683,01,"10/3/2014 1:24:56 AM",1
00137A0000013683,01,"10/3/2014 1:25:56 AM",1
00137A0000013683,01,"10/3/2014 1:26:56 AM",1
00137A0000013683,01,"10/3/2014 1:27:56 AM",1
00137A0000013683,01,"10/3/2014 1:28:55 AM",1
00137A0000013683,01,"10/3/2014 1:29:55 AM",1
00137A0000013683,01,"10/3/2014 1:30:55 AM",1
00137A0000013683,01,"10/3/2014 1:31:55 AM",1
00137A0000013683,01,"10/3/2014 1:32:54 AM",1
00137A0000013683,01,"10/3/2014 1:33:54 AM",1
00137A0000013683,01,"10/3/2014 1:34:54 AM",1
00137A0000013683,01,"10/3/2014 1:36:53 AM",1
00137A0000013683,01,"10/3/2014 1:37:53 AM",1
00137A0000013683,01,"10/3/2014 1:38:53 AM",1
00137A0000013683,01,"10/3/2014 1:40:52 AM",1
00137A0000013683,01,"10/3/2014 1:41:52 AM",1
00137A0000013683,01,"10/3/2014 1:42:52 AM",1
00137A0000013683,01,"10/3/2014 1:43:52 AM",1
00137A0000013683,01,"10/3/2014 1:44:51 AM",1
00137A0000013683,01,"10/3/2014 1:45:51 AM",1
00137A0000013683,01,"10/3/2014 1:46:51 AM",1
00137A0000013683,01,"10/3/2014 1:47:51 AM",1
00137A0000013683,01,"10/3/2014 1:48:50 AM",1
00137A0000013683,01,"10/3/2014 1:49:50 AM",1
00137A0000013683,01,"10/3/2014 1:50:50 AM",1
00137A0000013683,01,"10/3/2014 1:51:50 AM",1
00137A0000013683,01,"10/3/2014 1:52:49 AM",1
00137A0000013683,01,"10/3/2014 1:53:49 AM",1
00137A0000013683,01,"10/3/2014 1:54:49 AM",1
00137A0000013683,01,"10/3/2014 1:55:49 AM",1
00137A0000013683,01,"10/3/2014 1:56:48 AM",1
00137A0000013683,01,"10/3/2014 1:57:48 AM",1
00137A0000013683,01,"10/3/2014 1:58:48 AM",1
00137A0000013683,01,"10/3/2014 1:59:48 AM",1
00137A0000013683,01,"10/3/2014 2:00:47 AM",1
00137A0000013683,01,"10/3/2014 2:02:47 AM",1
00137A0000013683,01,"10/3/2014 2:03:47 AM",1
00137A0000013683,01,"10/3/2014 2:04:46 AM",1
00137A0000013683,01,"10/3/2014 2:05:46 AM",1
00137A0000013683,01,"10/3/2014 2:06:46 AM",1
00137A0000013683,01,"10/3/2014 2:07:46 AM",1
00137A0000013683,01,"10/3/2014 2:08:45 AM",1
00137A0000013683,01,"10/3/2014 2:09:45 AM",1
00137A0000013683,01,"10/3/2014 2:10:45 AM",1
00137A0000013683,01,"10/3/2014 2:11:45 AM",1
00137A0000013683,01,"10/3/2014 2:11:49 AM",1
00137A0000013683,01,"10/3/2014 2:12:44 AM",1
00137A0000013683,01,"10/3/2014 2:13:44 AM",1
00137A0000013683,01,"10/3/2014 2:14:44 AM",1
00137A0000013683,01,"10/3/2014 2:15:44 AM",1
00137A0000013683,01,"10/3/2014 2:16:43 AM",1
00137A0000013683,01,"10/3/2014 2:17:43 AM",1
00137A0000013683,01,"10/3/2014 2:18:43 AM",1
00137A0000013683,01,"10/3/2014 2:19:43 AM",1
00137A0000013683,01,"10/3/2014 2:20:42 AM",1
00137A0000013683,01,"10/3/2014 2:21:42 AM",1
00137A0000013683,01,"10/3/2014 2:22:42 AM",1
00137A0000013683,01,"10/3/2014 2:23:42 AM",1
00137A0000013683,01,"10/3/2014 2:24:41 AM",1
00137A0000013683,01,"10/3/2014 2:25:41 AM",1
00137A0000013683,01,"10/3/2014 2:26:41 AM",1
00137A0000013683,01,"10/3/2014 2:27:41 AM",1
00137A0000013683,01,"10/3/2014 2:28:40 AM",1
00137A0000013683,01,"10/3/2014 2:29:40 AM",1
00137A0000013683,01,"10/3/2014 2:30:40 AM",1
00137A0000013683,01,"10/3/2014 2:31:40 AM",1
00137A0000013683,01,"10/3/2014 2:32:39 AM",1
00137A0000013683,01,"10/3/2014 2:33:39 AM",1
00137A0000013683,01,"10/3/2014 2:34:39 AM",1
00137A0000013683,01,"10/3/2014 2:35:39 AM",1
00137A0000013683,01,"10/3/2014 2:36:38 AM",1
00137A0000013683,01,"10/3/2014 2:37:38 AM",1
00137A0000013683,01,"10/3/2014 2:38:38 AM",1
00137A0000013683,01,"10/3/2014 2:39:38 AM",1
00137A0000013683,01,"10/3/2014 2:39:38 AM",1
00137A0000013683,01,"10/3/2014 2:40:37 AM",1
00137A0000013683,01,"10/3/2014 2:41:37 AM",1
00137A0000013683,01,"10/3/2014 2:42:37 AM",1
00137A0000013683,01,"10/3/2014 2:43:37 AM",1
00137A0000013683,01,"10/3/2014 2:44:36 AM",1
00137A0000013683,01,"10/3/2014 2:45:36 AM",1
00137A0000013683,01,"10/3/2014 2:46:36 AM",1
00137A0000013683,01,"10/3/2014 2:48:35 AM",1
00137A0000013683,01,"10/3/2014 2:49:35 AM",1
00137A0000013683,01,"10/3/2014 2:51:35 AM",1
00137A0000013683,01,"10/3/2014 2:52:34 AM",1
00137A0000013683,01,"10/3/2014 2:53:34 AM",1
00137A0000013683,01,"10/3/2014 2:54:34 AM",1
00137A0000013683,01,"10/3/2014 2:55:34 AM",1
00137A0000013683,01,"10/3/2014 2:56:33 AM",1
00137A0000013683,01,"10/3/2014 2:57:33 AM",1
00137A0000013683,01,"10/3/2014 2:58:33 AM",1
00137A0000013683,01,"10/3/2014 2:59:33 AM",1
00137A0000013683,01,"10/3/2014 3:00:32 AM",1
00137A0000013683,01,"10/3/2014 3:01:32 AM",1
00137A0000013683,01,"10/3/2014 3:02:32 AM",1
00137A0000013683,01,"10/3/2014 3:03:32 AM",1
00137A0000013683,01,"10/3/2014 3:04:31 AM",1
00137A0000013683,01,"10/3/2014 3:05:31 AM",1
00137A0000013683,01,"10/3/2014 3:05:31 AM",1
00137A0000013683,01,"10/3/2014 3:06:31 AM",1
00137A0000013683,01,"10/3/2014 3:07:31 AM",1
00137A0000013683,01,"10/3/2014 3:08:30 AM",1
00137A0000013683,01,"10/3/2014 3:09:30 AM",1
00137A0000013683,01,"10/3/2014 3:10:30 AM",1
00137A0000013683,01,"10/3/2014 3:11:30 AM",1
00137A0000013683,01,"10/3/2014 3:12:29 AM",1
00137A0000013683,01,"10/3/2014 3:13:29 AM",1
00137A0000013683,01,"10/3/2014 3:14:29 AM",1
00137A0000013683,01,"10/3/2014 3:15:29 AM",1
00137A0000013683,01,"10/3/2014 3:16:28 AM",1
00137A0000013683,01,"10/3/2014 3:17:28 AM",1
00137A0000013683,01,"10/3/2014 3:18:28 AM",1
00137A0000013683,01,"10/3/2014 3:19:28 AM",1
00137A0000013683,01,"10/3/2014 3:20:28 AM",1
00137A0000013683,01,"10/3/2014 3:21:27 AM",1
00137A0000013683,01,"10/3/2014 3:22:27 AM",1
00137A0000013683,01,"10/3/2014 3:23:27 AM",1
00137A0000013683,01,"10/3/2014 3:24:27 AM",1
00137A0000013683,01,"10/3/2014 3:25:26 AM",1
00137A0000013683,01,"10/3/2014 3:26:26 AM",1
00137A0000013683,01,"10/3/2014 3:27:26 AM",1
00137A0000013683,01,"10/3/2014 3:28:26 AM",1
00137A0000013683,01,"10/3/2014 3:29:25 AM",1
00137A0000013683,01,"10/3/2014 3:30:25 AM",1
00137A0000013683,01,"10/3/2014 3:31:25 AM",1
00137A0000013683,01,"10/3/2014 3:32:25 AM",1
00137A0000013683,01,"10/3/2014 3:33:24 AM",1
00137A0000013683,01,"10/3/2014 3:34:24 AM",1
00137A0000013683,01,"10/3/2014 3:35:24 AM",1
00137A0000013683,01,"10/3/2014 3:36:23 AM",1
00137A0000013683,01,"10/3/2014 3:37:23 AM",1
00137A0000013683,01,"10/3/2014 3:38:23 AM",1
00137A0000013683,01,"10/3/2014 3:39:23 AM",1
00137A0000013683,01,"10/3/2014 3:40:23 AM",1
00137A0000013683,01,"10/3/2014 3:41:22 AM",1
00137A0000013683,01,"10/3/2014 3:42:22 AM",1
00137A0000013683,01,"10/3/2014 3:43:22 AM",1
00137A0000013683,01,"10/3/2014 3:44:22 AM",1
00137A0000013683,01,"10/3/2014 3:45:21 AM",1
00137A0000013683,01,"10/3/2014 3:46:21 AM",1
00137A0000013683,01,"10/3/2014 3:47:21 AM",1
00137A0000013683,01,"10/3/2014 3:48:21 AM",1
00137A0000013683,01,"10/3/2014 3:49:20 AM",1
00137A0000013683,01,"10/3/2014 3:50:20 AM",1
00137A0000013683,01,"10/3/2014 3:51:20 AM",1
00137A0000013683,01,"10/3/2014 3:52:20 AM",1
00137A0000013683,01,"10/3/2014 3:53:19 AM",1
00137A0000013683,01,"10/3/2014 3:54:19 AM",1
00137A0000013683,01,"10/3/2014 3:55:19 AM",1
00137A0000013683,01,"10/3/2014 3:56:19 AM",1
00137A0000013683,01,"10/3/2014 3:57:18 AM",1
00137A0000013683,01,"10/3/2014 3:58:18 AM",1
00137A0000013683,01,"10/3/2014 3:59:18 AM",1
00137A0000013683,01,"10/3/2014 4:00:18 AM",1
00137A0000013683,01,"10/3/2014 4:01:17 AM",1
00137A0000013683,01,"10/3/2014 4:02:17 AM",1
00137A0000013683,01,"10/3/2014 4:03:17 AM",1
00137A0000013683,01,"10/3/2014 4:03:17 AM",1
00137A0000013683,01,"10/3/2014 4:04:17 AM",1
00137A0000013683,01,"10/3/2014 4:05:16 AM",1
00137A0000013683,01,"10/3/2014 4:06:16 AM",1
00137A0000013683,01,"10/3/2014 4:07:16 AM",1
00137A0000013683,01,"10/3/2014 4:08:16 AM",1
00137A0000013683,01,"10/3/2014 4:09:15 AM",1
00137A0000013683,01,"10/3/2014 4:10:15 AM",1
00137A0000013683,01,"10/3/2014 4:12:15 AM",1
00137A0000013683,01,"10/3/2014 4:13:14 AM",1
00137A0000013683,01,"10/3/2014 4:14:14 AM",1
00137A0000013683,01,"10/3/2014 4:15:14 AM",1
00137A0000013683,01,"10/3/2014 4:16:14 AM",1
00137A0000013683,01,"10/3/2014 4:17:13 AM",1
00137A0000013683,01,"10/3/2014 4:18:13 AM",1
00137A0000013683,01,"10/3/2014 4:19:13 AM",1
00137A0000013683,01,"10/3/2014 4:20:13 AM",1
00137A0000013683,01,"10/3/2014 4:21:12 AM",1
00137A0000013683,01,"10/3/2014 4:22:12 AM",1
00137A0000013683,01,"10/3/2014 4:23:12 AM",1
00137A0000013683,01,"10/3/2014 4:24:12 AM",1
00137A0000013683,01,"10/3/2014 4:25:11 AM",1
00137A0000013683,01,"10/3/2014 4:26:11 AM",1
00137A0000013683,01,"10/3/2014 4:27:11 AM",1
00137A0000013683,01,"10/3/2014 4:28:11 AM",1
00137A0000013683,01,"10/3/2014 4:29:10 AM",1
00137A0000013683,01,"10/3/2014 4:30:10 AM",1
00137A0000013683,01,"10/3/2014 4:31:10 AM",1
00137A0000013683,01,"10/3/2014 4:32:10 AM",1
00137A0000013683,01,"10/3/2014 4:33:09 AM",1
00137A0000013683,01,"10/3/2014 4:34:09 AM",1
00137A0000013683,01,"10/3/2014 4:35:09 AM",1
00137A0000013683,01,"10/3/2014 4:36:09 AM",1
00137A0000013683,01,"10/3/2014 4:37:08 AM",1
00137A0000013683,01,"10/3/2014 4:37:08 AM",1
00137A0000013683,01,"10/3/2014 4:38:08 AM",1
00137A0000013683,01,"10/3/2014 4:40:08 AM",1
00137A0000013683,01,"10/3/2014 4:41:07 AM",1
00137A0000013683,01,"10/3/2014 4:42:07 AM",1
00137A0000013683,01,"10/3/2014 4:43:07 AM",1
00137A0000013683,01,"10/3/2014 4:44:07 AM",1
00137A0000013683,01,"10/3/2014 4:45:06 AM",1
00137A0000013683,01,"10/3/2014 4:46:06 AM",1
00137A0000013683,01,"10/3/2014 4:47:06 AM",1
00137A0000013683,01,"10/3/2014 4:48:06 AM",1
00137A0000013683,01,"10/3/2014 4:49:05 AM",1
00137A0000013683,01,"10/3/2014 4:50:05 AM",1
00137A0000013683,01,"10/3/2014 4:51:05 AM",1
00137A0000013683,01,"10/3/2014 4:53:04 AM",1
00137A0000013683,01,"10/3/2014 4:54:04 AM",1
00137A0000013683,01,"10/3/2014 4:55:04 AM",1
00137A0000013683,01,"10/3/2014 4:56:04 AM",1
00137A0000013683,01,"10/3/2014 4:57:03 AM",1
00137A0000013683,01,"10/3/2014 4:58:03 AM",1
00137A0000013683,01,"10/3/2014 4:59:03 AM",1
00137A0000013683,01,"10/3/2014 5:00:03 AM",1
00137A0000013683,01,"10/3/2014 5:01:02 AM",1
00137A0000013683,01,"10/3/2014 5:02:02 AM",1
00137A0000013683,01,"10/3/2014 5:03:02 AM",1
00137A0000013683,01,"10/3/2014 5:04:02 AM",1
00137A0000013683,01,"10/3/2014 5:05:01 AM",1
00137A0000013683,01,"10/3/2014 5:06:01 AM",1
00137A0000013683,01,"10/3/2014 5:07:01 AM",1
00137A0000013683,01,"10/3/2014 5:08:01 AM",1
00137A0000013683,01,"10/3/2014 5:09:00 AM",1
00137A0000013683,01,"10/3/2014 5:10:00 AM",1
00137A0000013683,01,"10/3/2014 5:11:00 AM",1
00137A0000013683,01,"10/3/2014 5:12:00 AM",1
00137A0000013683,01,"10/3/2014 5:12:59 AM",1
00137A0000013683,01,"10/3/2014 5:13:59 AM",1
00137A0000013683,01,"10/3/2014 5:14:59 AM",1
00137A0000013683,01,"10/3/2014 5:15:59 AM",1
00137A0000013683,01,"10/3/2014 5:16:58 AM",1
00137A0000013683,01,"10/3/2014 5:17:58 AM",1
00137A0000013683,01,"10/3/2014 5:18:58 AM",1
00137A0000013683,01,"10/3/2014 5:19:58 AM",1
00137A0000013683,01,"10/3/2014 5:20:57 AM",1
00137A0000013683,01,"10/3/2014 5:21:57 AM",1
00137A0000013683,01,"10/3/2014 5:22:57 AM",1
00137A0000013683,01,"10/3/2014 5:23:57 AM",1
00137A0000013683,01,"10/3/2014 5:24:56 AM",1
00137A0000013683,01,"10/3/2014 5:25:56 AM",1
00137A0000013683,01,"10/3/2014 5:26:56 AM",1
00137A0000013683,01,"10/3/2014 5:27:56 AM",1
00137A0000013683,01,"10/3/2014 5:28:55 AM",1
00137A0000013683,01,"10/3/2014 5:29:55 AM",1
00137A0000013683,01,"10/3/2014 5:30:55 AM",1
00137A0000013683,01,"10/3/2014 5:31:55 AM",1
00137A0000013683,01,"10/3/2014 5:32:54 AM",1
00137A0000013683,01,"10/3/2014 5:33:54 AM",1
00137A0000013683,01,"10/3/2014 5:34:54 AM",1
00137A0000013683,01,"10/3/2014 5:35:54 AM",1
00137A0000013683,01,"10/3/2014 5:36:53 AM",1
00137A0000013683,01,"10/3/2014 5:37:53 AM",1
00137A0000013683,01,"10/3/2014 5:38:53 AM",1
00137A0000013683,01,"10/3/2014 5:39:53 AM",1
00137A0000013683,01,"10/3/2014 5:40:52 AM",1
00137A0000013683,01,"10/3/2014 5:41:52 AM",1
00137A0000013683,01,"10/3/2014 5:42:52 AM",1
00137A0000013683,01,"10/3/2014 5:43:52 AM",1
00137A0000013683,01,"10/3/2014 5:44:51 AM",1
00137A0000013683,01,"10/3/2014 5:45:51 AM",1
00137A0000013683,01,"10/3/2014 5:46:51 AM",1
00137A0000013683,01,"10/3/2014 5:47:51 AM",1
00137A0000013683,01,"10/3/2014 5:48:50 AM",1
00137A0000013683,01,"10/3/2014 5:49:50 AM",1
00137A0000013683,01,"10/3/2014 5:50:50 AM",1
00137A0000013683,01,"10/3/2014 5:51:50 AM",1
00137A0000013683,01,"10/3/2014 5:52:49 AM",1
00137A0000013683,01,"10/3/2014 5:53:49 AM",1
00137A0000013683,01,"10/3/2014 5:54:49 AM",1
00137A0000013683,01,"10/3/2014 5:55:49 AM",1
00137A0000013683,01,"10/3/2014 5:56:49 AM",1
00137A0000013683,01,"10/3/2014 5:57:48 AM",1
00137A0000013683,01,"10/3/2014 5:58:48 AM",1
00137A0000013683,01,"10/3/2014 5:59:48 AM",1
00137A0000013683,01,"10/3/2014 6:00:47 AM",1
00137A0000013683,01,"10/3/2014 6:01:47 AM",1
00137A0000013683,01,"10/3/2014 6:02:47 AM",1
00137A0000013683,01,"10/3/2014 6:02:47 AM",1
00137A0000013683,01,"10/3/2014 6:03:47 AM",1
00137A0000013683,01,"10/3/2014 6:04:46 AM",1
00137A0000013683,01,"10/3/2014 6:05:46 AM",1
00137A0000013683,01,"10/3/2014 6:06:46 AM",1
00137A0000013683,01,"10/3/2014 6:07:46 AM",1
00137A0000013683,01,"10/3/2014 6:08:45 AM",1
00137A0000013683,01,"10/3/2014 6:09:45 AM",1
00137A0000013683,01,"10/3/2014 6:10:45 AM",1
00137A0000013683,01,"10/3/2014 6:11:45 AM",1
00137A0000013683,01,"10/3/2014 6:12:44 AM",1
00137A0000013683,01,"10/3/2014 6:13:44 AM",1
00137A0000013683,01,"10/3/2014 6:14:44 AM",1
00137A0000013683,01,"10/3/2014 6:15:44 AM",1
00137A0000013683,01,"10/3/2014 6:16:43 AM",1
00137A0000013683,01,"10/3/2014 6:17:43 AM",1
00137A0000013683,01,"10/3/2014 6:18:43 AM",1
00137A0000013683,01,"10/3/2014 6:19:43 AM",1
00137A0000013683,01,"10/3/2014 6:20:43 AM",1
00137A0000013683,01,"10/3/2014 6:21:42 AM",1
00137A0000013683,01,"10/3/2014 6:22:42 AM",1
00137A0000013683,01,"10/3/2014 6:23:42 AM",1
00137A0000013683,01,"10/3/2014 6:24:41 AM",1
00137A0000013683,01,"10/3/2014 6:25:41 AM",1
00137A0000013683,01,"10/3/2014 6:26:41 AM",1
00137A0000013683,01,"10/3/2014 6:27:41 AM",1
00137A0000013683,01,"10/3/2014 6:28:40 AM",1
00137A0000013683,01,"10/3/2014 6:29:40 AM",1
00137A0000013683,01,"10/3/2014 6:30:40 AM",1
00137A0000013683,01,"10/3/2014 6:30:40 AM",1
00137A0000013683,01,"10/3/2014 6:31:40 AM",1
00137A0000013683,01,"10/3/2014 6:32:40 AM",1
00137A0000013683,01,"10/3/2014 6:33:39 AM",1
00137A0000013683,01,"10/3/2014 6:34:39 AM",1
00137A0000013683,01,"10/3/2014 6:34:39 AM",1
00137A0000013683,01,"10/3/2014 6:35:39 AM",1
00137A0000013683,01,"10/3/2014 6:36:39 AM",1
00137A0000013683,01,"10/3/2014 6:37:38 AM",1
00137A0000013683,01,"10/3/2014 6:38:38 AM",1
00137A0000013683,01,"10/3/2014 6:39:38 AM",1
00137A0000013683,01,"10/3/2014 6:40:37 AM",1
00137A0000013683,01,"10/3/2014 6:41:37 AM",1
00137A0000013683,01,"10/3/2014 6:42:37 AM",1
00137A0000013683,01,"10/3/2014 6:43:37 AM",1
00137A0000013683,01,"10/3/2014 6:44:37 AM",1
00137A0000013683,01,"10/3/2014 6:45:36 AM",1
00137A0000013683,01,"10/3/2014 6:46:36 AM",1
00137A0000013683,01,"10/3/2014 6:47:36 AM",1
00137A0000013683,01,"10/3/2014 6:48:36 AM",1
00137A0000013683,01,"10/3/2014 6:49:35 AM",1
00137A0000013683,01,"10/3/2014 6:50:35 AM",1
00137A0000013683,01,"10/3/2014 6:51:35 AM",1
00137A0000013683,01,"10/3/2014 6:52:35 AM",1
00137A0000013683,01,"10/3/2014 6:53:34 AM",1
00137A0000013683,01,"10/3/2014 6:54:34 AM",1
00137A0000013683,01,"10/3/2014 6:55:34 AM",1
00137A0000013683,01,"10/3/2014 6:56:34 AM",1
00137A0000013683,01,"10/3/2014 6:57:33 AM",1
00137A0000013683,01,"10/3/2014 6:58:33 AM",1
00137A0000013683,01,"10/3/2014 6:59:33 AM",1
00137A0000013683,01,"10/3/2014 7:00:32 AM",1
00137A0000013683,01,"10/3/2014 7:01:32 AM",1
00137A0000013683,01,"10/3/2014 7:02:32 AM",1
00137A0000013683,01,"10/3/2014 7:03:32 AM",1
00137A0000013683,01,"10/3/2014 7:04:32 AM",1
00137A0000013683,01,"10/3/2014 7:04:32 AM",1
00137A0000013683,01,"10/3/2014 7:05:31 AM",1
00137A0000013683,01,"10/3/2014 7:06:31 AM",1
00137A0000013683,01,"10/3/2014 7:07:31 AM",1
00137A0000013683,01,"10/3/2014 7:08:31 AM",1
00137A0000013683,01,"10/3/2014 7:09:30 AM",1
00137A0000013683,01,"10/3/2014 7:10:30 AM",1
00137A0000013683,01,"10/3/2014 7:11:30 AM",1
00137A0000013683,01,"10/3/2014 7:12:30 AM",1
00137A0000013683,01,"10/3/2014 7:13:29 AM",1
00137A0000013683,01,"10/3/2014 7:14:29 AM",1
00137A0000013683,01,"10/3/2014 7:15:29 AM",1
00137A0000013683,01,"10/3/2014 7:16:29 AM",1
00137A0000013683,01,"10/3/2014 7:17:28 AM",1
00137A0000013683,01,"10/3/2014 7:18:28 AM",1
00137A0000013683,01,"10/3/2014 7:19:28 AM",1
00137A0000013683,01,"10/3/2014 7:20:27 AM",1
00137A0000013683,01,"10/3/2014 7:21:26 AM",1
00137A0000013683,01,"10/3/2014 7:22:26 AM",1
00137A0000013683,01,"10/3/2014 7:23:26 AM",1
00137A0000013683,01,"10/3/2014 7:24:25 AM",2
00137A0000013683,01,"10/3/2014 7:25:24 AM",2
00137A0000013683,01,"10/3/2014 7:26:24 AM",2
00137A0000013683,01,"10/3/2014 7:27:23 AM",4
00137A0000013683,01,"10/3/2014 7:28:23 AM",4
00137A0000013683,01,"10/3/2014 7:29:21 AM",5
00137A0000013683,01,"10/3/2014 7:30:20 AM",8
00137A0000013683,01,"10/3/2014 7:31:19 AM",10
00137A0000013683,01,"10/3/2014 7:32:18 AM",13
00137A0000013683,01,"10/3/2014 7:33:16 AM",15
00137A0000013683,01,"10/3/2014 7:34:15 AM",18
00137A0000013683,01,"10/3/2014 7:35:14 AM",22
00137A0000013683,01,"10/3/2014 7:36:13 AM",25
00137A0000013683,01,"10/3/2014 7:37:12 AM",28
00137A0000013683,01,"10/3/2014 7:39:11 AM",36
00137A0000013683,01,"10/3/2014 7:40:11 AM",40
00137A0000013683,01,"10/3/2014 7:41:10 AM",44
00137A0000013683,01,"10/3/2014 7:42:10 AM",48
00137A0000013683,01,"10/3/2014 7:43:10 AM",52
00137A0000013683,01,"10/3/2014 7:44:10 AM",57
00137A0000013683,01,"10/3/2014 7:45:09 AM",62
00137A0000013683,01,"10/3/2014 7:46:09 AM",68
00137A0000013683,01,"10/3/2014 7:47:09 AM",71
00137A0000013683,01,"10/3/2014 7:48:09 AM",77
00137A0000013683,01,"10/3/2014 7:49:08 AM",82
00137A0000013683,01,"10/3/2014 7:50:08 AM",87
00137A0000013683,01,"10/3/2014 7:51:08 AM",91
00137A0000013683,01,"10/3/2014 7:53:07 AM",101
00137A0000013683,01,"10/3/2014 7:54:07 AM",107
00137A0000013683,01,"10/3/2014 7:55:07 AM",112
00137A0000013683,01,"10/3/2014 7:56:07 AM",117
00137A0000013683,01,"10/3/2014 7:57:06 AM",122
00137A0000013683,01,"10/3/2014 7:58:06 AM",126
00137A0000013683,01,"10/3/2014 7:59:06 AM",131
00137A0000013683,01,"10/3/2014 8:00:06 AM",137
00137A0000013683,01,"10/3/2014 8:01:05 AM",142
00137A0000013683,01,"10/3/2014 8:02:05 AM",147
00137A0000013683,01,"10/3/2014 8:03:05 AM",152
00137A0000013683,01,"10/3/2014 8:04:05 AM",157
00137A0000013683,01,"10/3/2014 8:05:05 AM",163
00137A0000013683,01,"10/3/2014 8:06:04 AM",168
00137A0000013683,01,"10/3/2014 8:07:04 AM",172
00137A0000013683,01,"10/3/2014 8:07:04 AM",172
00137A0000013683,01,"10/3/2014 8:08:04 AM",178
00137A0000013683,01,"10/3/2014 8:09:04 AM",183
00137A0000013683,01,"10/3/2014 8:10:03 AM",187
00137A0000013683,01,"10/3/2014 8:11:03 AM",192
00137A0000013683,01,"10/3/2014 8:12:03 AM",198
00137A0000013683,01,"10/3/2014 8:13:03 AM",202
00137A0000013683,01,"10/3/2014 8:14:02 AM",207
00137A0000013683,01,"10/3/2014 8:15:02 AM",211
00137A0000013683,01,"10/3/2014 8:16:02 AM",215
00137A0000013683,01,"10/3/2014 8:17:02 AM",220
00137A0000013683,01,"10/3/2014 8:18:01 AM",224
00137A0000013683,01,"10/3/2014 8:19:01 AM",228
00137A0000013683,01,"10/3/2014 8:20:01 AM",233
00137A0000013683,01,"10/3/2014 8:21:01 AM",235
00137A0000013683,01,"10/3/2014 8:22:00 AM",241
00137A0000013683,01,"10/3/2014 8:23:00 AM",246
00137A0000013683,01,"10/3/2014 8:24:00 AM",248
00137A0000013683,01,"10/3/2014 8:25:00 AM",254
00137A0000013683,01,"10/3/2014 8:25:59 AM",258
00137A0000013683,01,"10/3/2014 8:26:59 AM",262
00137A0000013683,01,"10/3/2014 8:27:59 AM",265
00137A0000013683,01,"10/3/2014 8:28:59 AM",271
00137A0000013683,01,"10/3/2014 8:29:58 AM",273
00137A0000013683,01,"10/3/2014 8:30:58 AM",277
00137A0000013683,01,"10/3/2014 8:31:58 AM",282
00137A0000013683,01,"10/3/2014 8:32:58 AM",285
00137A0000013683,01,"10/3/2014 8:33:57 AM",289
00137A0000013683,01,"10/3/2014 8:34:57 AM",293
00137A0000013683,01,"10/3/2014 8:35:57 AM",297
00137A0000013683,01,"10/3/2014 8:36:57 AM",301
00137A0000013683,01,"10/3/2014 8:37:56 AM",303
00137A0000013683,01,"10/3/2014 8:39:56 AM",311
00137A0000013683,01,"10/3/2014 8:40:56 AM",314
00137A0000013683,01,"10/3/2014 8:41:55 AM",316
00137A0000013683,01,"10/3/2014 8:41:55 AM",316
00137A0000013683,01,"10/3/2014 8:42:55 AM",320
00137A0000013683,01,"10/3/2014 8:43:55 AM",323
00137A0000013683,01,"10/3/2014 8:44:55 AM",325
00137A0000013683,01,"10/3/2014 8:46:54 AM",332
00137A0000013683,01,"10/3/2014 8:47:54 AM",336
00137A0000013683,01,"10/3/2014 8:48:54 AM",340
00137A0000013683,01,"10/3/2014 8:49:53 AM",342
00137A0000013683,01,"10/3/2014 8:50:53 AM",346
00137A0000013683,01,"10/3/2014 8:51:53 AM",350
00137A0000013683,01,"10/3/2014 8:52:53 AM",351
00137A0000013683,01,"10/3/2014 8:53:52 AM",355
00137A0000013683,01,"10/3/2014 8:54:52 AM",359
00137A0000013683,01,"10/3/2014 8:55:52 AM",362
00137A0000013683,01,"10/3/2014 8:56:52 AM",366
00137A0000013683,01,"10/3/2014 8:57:51 AM",368
00137A0000013683,01,"10/3/2014 8:58:51 AM",371
00137A0000013683,01,"10/3/2014 8:59:51 AM",375
00137A0000013683,01,"10/3/2014 9:00:51 AM",377
00137A0000013683,01,"10/3/2014 9:01:50 AM",381
00137A0000013683,01,"10/3/2014 9:02:50 AM",383
00137A0000013683,01,"10/3/2014 9:03:50 AM",385
00137A0000013683,01,"10/3/2014 9:04:50 AM",388
00137A0000013683,01,"10/3/2014 9:05:50 AM",392
00137A0000013683,01,"10/3/2014 9:06:49 AM",393
00137A0000013683,01,"10/3/2014 9:07:49 AM",396
00137A0000013683,01,"10/3/2014 9:07:50 AM",396
00137A0000013683,01,"10/3/2014 9:07:53 AM",396
00137A0000013683,01,"10/3/2014 9:08:49 AM",398
00137A0000013683,01,"10/3/2014 9:09:49 AM",400
00137A0000013683,01,"10/3/2014 9:10:48 AM",403
00137A0000013683,01,"10/3/2014 9:11:48 AM",406
00137A0000013683,01,"10/3/2014 9:12:48 AM",406
00137A0000013683,01,"10/3/2014 9:13:48 AM",409
00137A0000013683,01,"10/3/2014 9:14:47 AM",413
00137A0000013683,01,"10/3/2014 9:15:47 AM",414
00137A0000013683,01,"10/3/2014 9:16:47 AM",416
00137A0000013683,01,"10/3/2014 9:17:47 AM",419
00137A0000013683,01,"10/3/2014 9:18:46 AM",422
00137A0000013683,01,"10/3/2014 9:19:46 AM",424
00137A0000013683,01,"10/3/2014 9:20:46 AM",426
00137A0000013683,01,"10/3/2014 9:21:46 AM",431
00137A0000013683,01,"10/3/2014 9:22:45 AM",433
00137A0000013683,01,"10/3/2014 9:23:45 AM",433
00137A0000013683,01,"10/3/2014 9:24:45 AM",437
00137A0000013683,01,"10/3/2014 9:25:44 AM",440
00137A0000013683,01,"10/3/2014 9:26:44 AM",440
00137A0000013683,01,"10/3/2014 9:27:44 AM",442
00137A0000013683,01,"10/3/2014 9:28:44 AM",444
00137A0000013683,01,"10/3/2014 9:29:44 AM",446
00137A0000013683,01,"10/3/2014 9:30:43 AM",446
00137A0000013683,01,"10/3/2014 9:31:43 AM",449
00137A0000013683,01,"10/3/2014 9:32:43 AM",452
00137A0000013683,01,"10/3/2014 9:33:43 AM",452
00137A0000013683,01,"10/3/2014 9:34:42 AM",454
00137A0000013683,01,"10/3/2014 9:35:42 AM",457
00137A0000013683,01,"10/3/2014 9:36:42 AM",458
00137A0000013683,01,"10/3/2014 9:37:42 AM",461
00137A0000013683,01,"10/3/2014 9:38:41 AM",462
00137A0000013683,01,"10/3/2014 9:39:41 AM",465
00137A0000013683,01,"10/3/2014 9:40:41 AM",467
00137A0000013683,01,"10/3/2014 9:41:41 AM",470
00137A0000013683,01,"10/3/2014 9:42:40 AM",471
00137A0000013683,01,"10/3/2014 9:43:40 AM",474
00137A0000013683,01,"10/3/2014 9:44:40 AM",475
00137A0000013683,01,"10/3/2014 9:45:40 AM",478
00137A0000013683,01,"10/3/2014 9:46:39 AM",480
00137A0000013683,01,"10/3/2014 9:47:39 AM",480
00137A0000013683,01,"10/3/2014 9:48:39 AM",483
00137A0000013683,01,"10/3/2014 9:49:39 AM",483
00137A0000013683,01,"10/3/2014 9:50:38 AM",485
00137A0000013683,01,"10/3/2014 9:51:38 AM",487
00137A0000013683,01,"10/3/2014 9:52:38 AM",487
00137A0000013683,01,"10/3/2014 9:53:38 AM",488
00137A0000013683,01,"10/3/2014 9:54:37 AM",488
00137A0000013683,01,"10/3/2014 9:55:37 AM",489
00137A0000013683,01,"10/3/2014 9:56:37 AM",492
00137A0000013683,01,"10/3/2014 9:57:37 AM",493
00137A0000013683,01,"10/3/2014 9:58:36 AM",496
00137A0000013683,01,"10/3/2014 9:59:36 AM",497
00137A0000013683,01,"10/3/2014 10:00:36 AM",497
00137A0000013683,01,"10/3/2014 10:02:35 AM",499
00137A0000013683,01,"10/3/2014 10:04:35 AM",503
00137A0000013683,01,"10/3/2014 10:05:35 AM",504
00137A0000013683,01,"10/3/2014 10:06:34 AM",507
00137A0000013683,01,"10/3/2014 10:07:34 AM",507
00137A0000013683,01,"10/3/2014 10:08:34 AM",508
00137A0000013683,01,"10/3/2014 10:09:34 AM",510
00137A0000013683,01,"10/3/2014 10:10:33 AM",512
00137A0000013683,01,"10/3/2014 10:11:33 AM",512
00137A0000013683,01,"10/3/2014 10:12:33 AM",513
00137A0000013683,01,"10/3/2014 10:14:32 AM",515
00137A0000013683,01,"10/3/2014 10:15:32 AM",515
00137A0000013683,01,"10/3/2014 10:16:32 AM",517
00137A0000013683,01,"10/3/2014 10:17:32 AM",516
00137A0000013683,01,"10/3/2014 10:18:32 AM",517
00137A0000013683,01,"10/3/2014 10:19:31 AM",518
00137A0000013683,01,"10/3/2014 10:20:31 AM",518
00137A0000013683,01,"10/3/2014 10:21:31 AM",520
00137A0000013683,01,"10/3/2014 10:22:31 AM",520
00137A0000013683,01,"10/3/2014 10:24:30 AM",521
00137A0000013683,01,"10/3/2014 10:25:30 AM",524
00137A0000013683,01,"10/3/2014 10:26:30 AM",524
00137A0000013683,01,"10/3/2014 10:27:29 AM",525
00137A0000013683,01,"10/3/2014 10:28:29 AM",525
00137A0000013683,01,"10/3/2014 10:29:29 AM",527
00137A0000013683,01,"10/3/2014 10:30:29 AM",527
00137A0000013683,01,"10/3/2014 10:31:28 AM",528
00137A0000013683,01,"10/3/2014 10:32:28 AM",530
00137A0000013683,01,"10/3/2014 10:33:28 AM",530
00137A0000013683,01,"10/3/2014 10:34:28 AM",531
00137A0000013683,01,"10/3/2014 10:35:27 AM",533
00137A0000013683,01,"10/3/2014 10:36:27 AM",534
00137A0000013683,01,"10/3/2014 10:37:27 AM",535
00137A0000013683,01,"10/3/2014 10:38:27 AM",535
00137A0000013683,01,"10/3/2014 10:39:26 AM",535
00137A0000013683,01,"10/3/2014 10:40:26 AM",536
00137A0000013683,01,"10/3/2014 10:41:26 AM",538
00137A0000013683,01,"10/3/2014 10:42:26 AM",538
00137A0000013683,01,"10/3/2014 10:42:26 AM",538
00137A0000013683,01,"10/3/2014 10:43:25 AM",538
00137A0000013683,01,"10/3/2014 10:44:25 AM",538
00137A0000013683,01,"10/3/2014 10:45:25 AM",538
00137A0000013683,01,"10/3/2014 10:46:25 AM",538
00137A0000013683,01,"10/3/2014 10:47:24 AM",538
00137A0000013683,01,"10/3/2014 10:48:24 AM",539
00137A0000013683,01,"10/3/2014 10:49:24 AM",539
00137A0000013683,01,"10/3/2014 10:50:24 AM",539
00137A0000013683,01,"10/3/2014 10:51:24 AM",539
00137A0000013683,01,"10/3/2014 10:52:23 AM",541
00137A0000013683,01,"10/3/2014 10:53:23 AM",541
00137A0000013683,01,"10/3/2014 10:54:23 AM",542
00137A0000013683,01,"10/3/2014 10:55:22 AM",542
00137A0000013683,01,"10/3/2014 10:56:22 AM",543
00137A0000013683,01,"10/3/2014 10:57:22 AM",543
00137A0000013683,01,"10/3/2014 10:58:22 AM",545
00137A0000013683,01,"10/3/2014 10:59:22 AM",543
00137A0000013683,01,"10/3/2014 11:00:21 AM",545
00137A0000013683,01,"10/3/2014 11:01:21 AM",546
00137A0000013683,01,"10/3/2014 11:02:21 AM",546
00137A0000013683,01,"10/3/2014 11:03:21 AM",546
00137A0000013683,01,"10/3/2014 11:04:20 AM",546
00137A0000013683,01,"10/3/2014 11:05:20 AM",549
00137A0000013683,01,"10/3/2014 11:06:20 AM",548
00137A0000013683,01,"10/3/2014 11:06:20 AM",548
00137A0000013683,01,"10/3/2014 11:07:20 AM",549
00137A0000013683,01,"10/3/2014 11:08:19 AM",549
00137A0000013683,01,"10/3/2014 11:09:19 AM",550
00137A0000013683,01,"10/3/2014 11:10:19 AM",551
00137A0000013683,01,"10/3/2014 11:11:19 AM",551
00137A0000013683,01,"10/3/2014 11:12:18 AM",551
00137A0000013683,01,"10/3/2014 11:13:18 AM",551
00137A0000013683,01,"10/3/2014 11:14:18 AM",552
00137A0000013683,01,"10/3/2014 11:16:17 AM",551
00137A0000013683,01,"10/3/2014 11:17:17 AM",551
00137A0000013683,01,"10/3/2014 11:18:17 AM",550
00137A0000013683,01,"10/3/2014 11:19:17 AM",551
00137A0000013683,01,"10/3/2014 11:20:16 AM",552
00137A0000013683,01,"10/3/2014 11:21:16 AM",552
00137A0000013683,01,"10/3/2014 11:22:16 AM",551
00137A0000013683,01,"10/3/2014 11:23:16 AM",552
00137A0000013683,01,"10/3/2014 11:24:16 AM",551
00137A0000013683,01,"10/3/2014 11:25:15 AM",552
00137A0000013683,01,"10/3/2014 11:26:15 AM",552
00137A0000013683,01,"10/3/2014 11:27:15 AM",552
00137A0000013683,01,"10/3/2014 11:28:14 AM",552
00137A0000013683,01,"10/3/2014 11:29:14 AM",551
00137A0000013683,01,"10/3/2014 11:30:14 AM",552
00137A0000013683,01,"10/3/2014 11:31:14 AM",551
00137A0000013683,01,"10/3/2014 11:32:14 AM",552
00137A0000013683,01,"10/3/2014 11:33:13 AM",553
00137A0000013683,01,"10/3/2014 11:34:13 AM",553
00137A0000013683,01,"10/3/2014 11:35:13 AM",552
00137A0000013683,01,"10/3/2014 11:36:13 AM",552
00137A0000013683,01,"10/3/2014 11:37:12 AM",552
00137A0000013683,01,"10/3/2014 11:38:12 AM",552
00137A0000013683,01,"10/3/2014 11:39:12 AM",551
00137A0000013683,01,"10/3/2014 11:40:12 AM",551
00137A0000013683,01,"10/3/2014 11:41:11 AM",551
00137A0000013683,01,"10/3/2014 11:42:11 AM",552
00137A0000013683,01,"10/3/2014 11:43:11 AM",551
00137A0000013683,01,"10/3/2014 11:44:11 AM",550
00137A0000013683,01,"10/3/2014 11:45:10 AM",549
00137A0000013683,01,"10/3/2014 11:46:10 AM",550
00137A0000013683,01,"10/3/2014 11:47:10 AM",549
00137A0000013683,01,"10/3/2014 11:48:10 AM",549
00137A0000013683,01,"10/3/2014 11:49:09 AM",548
00137A0000013683,01,"10/3/2014 11:50:09 AM",550
00137A0000013683,01,"10/3/2014 11:51:09 AM",550
00137A0000013683,01,"10/3/2014 11:52:09 AM",549
00137A0000013683,01,"10/3/2014 11:53:08 AM",549
00137A0000013683,01,"10/3/2014 11:53:08 AM",549
00137A0000013683,01,"10/3/2014 11:54:08 AM",549
00137A0000013683,01,"10/3/2014 11:55:08 AM",548
00137A0000013683,01,"10/3/2014 11:56:08 AM",548
00137A0000013683,01,"10/3/2014 11:57:07 AM",546
00137A0000013683,01,"10/3/2014 11:58:07 AM",546
00137A0000013683,01,"10/3/2014 11:59:07 AM",548
00137A0000013683,01,"10/3/2014 12:00:07 PM",546
00137A0000013683,01,"10/3/2014 12:01:06 PM",546
00137A0000013683,01,"10/3/2014 12:02:06 PM",546
00137A0000013683,01,"10/3/2014 12:03:06 PM",546
00137A0000013683,01,"10/3/2014 12:03:06 PM",546
00137A0000013683,01,"10/3/2014 12:04:06 PM",546
00137A0000013683,01,"10/3/2014 12:05:05 PM",545
00137A0000013683,01,"10/3/2014 12:06:05 PM",545
00137A0000013683,01,"10/3/2014 12:07:05 PM",543
00137A0000013683,01,"10/3/2014 12:08:05 PM",543
00137A0000013683,01,"10/3/2014 12:10:04 PM",542
00137A0000013683,01,"10/3/2014 12:11:04 PM",542
00137A0000013683,01,"10/3/2014 12:12:04 PM",542
00137A0000013683,01,"10/3/2014 12:13:04 PM",541
00137A0000013683,01,"10/3/2014 12:14:03 PM",539
00137A0000013683,01,"10/3/2014 12:15:03 PM",538
00137A0000013683,01,"10/3/2014 12:16:03 PM",539
00137A0000013683,01,"10/3/2014 12:17:03 PM",538
00137A0000013683,01,"10/3/2014 12:18:02 PM",538
00137A0000013683,01,"10/3/2014 12:19:02 PM",539
00137A0000013683,01,"10/3/2014 12:20:02 PM",538
00137A0000013683,01,"10/3/2014 12:21:02 PM",538
00137A0000013683,01,"10/3/2014 12:22:01 PM",535
00137A0000013683,01,"10/3/2014 12:23:01 PM",535
00137A0000013683,01,"10/3/2014 12:24:01 PM",535
00137A0000013683,01,"10/3/2014 12:25:01 PM",534
00137A0000013683,01,"10/3/2014 12:26:00 PM",535
00137A0000013683,01,"10/3/2014 12:27:00 PM",535
00137A0000013683,01,"10/3/2014 12:28:00 PM",534
00137A0000013683,01,"10/3/2014 12:29:00 PM",532
00137A0000013683,01,"10/3/2014 12:29:59 PM",532
00137A0000013683,01,"10/3/2014 12:30:59 PM",532
00137A0000013683,01,"10/3/2014 12:31:59 PM",531
00137A0000013683,01,"10/3/2014 12:32:59 PM",532
00137A0000013683,01,"10/3/2014 12:33:58 PM",530
00137A0000013683,01,"10/3/2014 12:34:58 PM",530
00137A0000013683,01,"10/3/2014 12:35:58 PM",529
00137A0000013683,01,"10/3/2014 12:36:58 PM",528
00137A0000013683,01,"10/3/2014 12:37:58 PM",527
00137A0000013683,01,"10/3/2014 12:38:57 PM",525
00137A0000013683,01,"10/3/2014 12:39:57 PM",525
00137A0000013683,01,"10/3/2014 12:41:56 PM",525
00137A0000013683,01,"10/3/2014 12:43:56 PM",522
00137A0000013683,01,"10/3/2014 12:44:56 PM",521
00137A0000013683,01,"10/3/2014 12:45:56 PM",521
00137A0000013683,01,"10/3/2014 12:46:55 PM",520
00137A0000013683,01,"10/3/2014 12:47:55 PM",520
00137A0000013683,01,"10/3/2014 12:47:55 PM",520
00137A0000013683,01,"10/3/2014 12:48:55 PM",518
00137A0000013683,01,"10/3/2014 12:48:55 PM",518
00137A0000013683,01,"10/3/2014 12:48:56 PM",518
00137A0000013683,01,"10/3/2014 12:49:55 PM",517
00137A0000013683,01,"10/3/2014 12:49:55 PM",517
00137A0000013683,01,"10/3/2014 12:50:54 PM",516
00137A0000013683,01,"10/3/2014 12:51:54 PM",516
00137A0000013683,01,"10/3/2014 12:52:54 PM",514
00137A0000013683,01,"10/3/2014 12:52:54 PM",514
00137A0000013683,01,"10/3/2014 12:52:54 PM",514
00137A0000013683,01,"10/3/2014 12:52:54 PM",514
00137A0000013683,01,"10/3/2014 12:53:54 PM",514
00137A0000013683,01,"10/3/2014 12:54:53 PM",513
00137A0000013683,01,"10/3/2014 12:54:53 PM",513
00137A0000013683,01,"10/3/2014 12:55:53 PM",512
00137A0000013683,01,"10/3/2014 12:55:53 PM",512
00137A0000013683,01,"10/3/2014 12:56:53 PM",512
00137A0000013683,01,"10/3/2014 12:57:53 PM",510
00137A0000013683,01,"10/3/2014 12:57:53 PM",510
00137A0000013683,01,"10/3/2014 12:58:52 PM",508
00137A0000013683,01,"10/3/2014 12:59:52 PM",507
00137A0000013683,01,"10/3/2014 1:00:52 PM",507
00137A0000013683,01,"10/3/2014 1:01:52 PM",506
00137A0000013683,01,"10/3/2014 1:02:51 PM",506
00137A0000013683,01,"10/3/2014 1:03:51 PM",504
00137A0000013683,01,"10/3/2014 1:04:51 PM",503
00137A0000013683,01,"10/3/2014 1:05:51 PM",501
00137A0000013683,01,"10/3/2014 1:06:50 PM",501
00137A0000013683,01,"10/3/2014 1:07:50 PM",500
00137A0000013683,01,"10/3/2014 1:08:50 PM",498
00137A0000013683,01,"10/3/2014 1:09:50 PM",497
00137A0000013683,01,"10/3/2014 1:10:49 PM",497
00137A0000013683,01,"10/3/2014 1:11:49 PM",495
00137A0000013683,01,"10/3/2014 1:12:49 PM",493
00137A0000013683,01,"10/3/2014 1:13:49 PM",492
00137A0000013683,01,"10/3/2014 1:14:49 PM",491
00137A0000013683,01,"10/3/2014 1:15:48 PM",491
00137A0000013683,01,"10/3/2014 1:16:48 PM",489
00137A0000013683,01,"10/3/2014 1:17:48 PM",488
00137A0000013683,01,"10/3/2014 1:18:48 PM",485
00137A0000013683,01,"10/3/2014 1:19:47 PM",484
00137A0000013683,01,"10/3/2014 1:20:47 PM",483
00137A0000013683,01,"10/3/2014 1:21:47 PM",482
00137A0000013683,01,"10/3/2014 1:22:47 PM",482
00137A0000013683,01,"10/3/2014 1:25:46 PM",478
00137A0000013683,01,"10/3/2014 1:26:46 PM",475
00137A0000013683,01,"10/3/2014 1:27:45 PM",475
00137A0000013683,01,"10/3/2014 1:28:45 PM",475
00137A0000013683,01,"10/3/2014 1:29:45 PM",472
00137A0000013683,01,"10/3/2014 1:29:45 PM",472
00137A0000013683,01,"10/3/2014 1:30:45 PM",470
00137A0000013683,01,"10/3/2014 1:31:44 PM",470
00137A0000013683,01,"10/3/2014 1:32:44 PM",471
00137A0000013683,01,"10/3/2014 1:33:44 PM",467
00137A0000013683,01,"10/3/2014 1:34:44 PM",462
00137A0000013683,01,"10/3/2014 1:35:43 PM",462
00137A0000013683,01,"10/3/2014 1:36:43 PM",461
00137A0000013683,01,"10/3/2014 1:37:43 PM",458
00137A0000013683,01,"10/3/2014 1:38:43 PM",456
00137A0000013683,01,"10/3/2014 1:39:43 PM",454
00137A0000013683,01,"10/3/2014 1:40:42 PM",453
00137A0000013683,01,"10/3/2014 1:41:42 PM",452
00137A0000013683,01,"10/3/2014 1:42:42 PM",449
00137A0000013683,01,"10/3/2014 1:43:42 PM",446
00137A0000013683,01,"10/3/2014 1:44:41 PM",445
00137A0000013683,01,"10/3/2014 1:45:41 PM",442
00137A0000013683,01,"10/3/2014 1:46:41 PM",440
00137A0000013683,01,"10/3/2014 1:47:41 PM",440
00137A0000013683,01,"10/3/2014 1:48:40 PM",437
00137A0000013683,01,"10/3/2014 1:49:40 PM",437
00137A0000013683,01,"10/3/2014 1:50:40 PM",436
00137A0000013683,01,"10/3/2014 1:51:40 PM",435
00137A0000013683,01,"10/3/2014 1:53:39 PM",431
00137A0000013683,01,"10/3/2014 1:54:39 PM",429
00137A0000013683,01,"10/3/2014 1:55:39 PM",427
00137A0000013683,01,"10/3/2014 1:56:38 PM",426
00137A0000013683,01,"10/3/2014 1:57:38 PM",423
00137A0000013683,01,"10/3/2014 1:58:38 PM",422
00137A0000013683,01,"10/3/2014 1:59:38 PM",420
00137A0000013683,01,"10/3/2014 1:59:38 PM",420
00137A0000013683,01,"10/3/2014 2:00:38 PM",418
00137A0000013683,01,"10/3/2014 2:01:37 PM",416
00137A0000013683,01,"10/3/2014 2:02:37 PM",414
00137A0000013683,01,"10/3/2014 2:03:37 PM",413
00137A0000013683,01,"10/3/2014 2:04:36 PM",410
00137A0000013683,01,"10/3/2014 2:05:36 PM",406
00137A0000013683,01,"10/3/2014 2:06:36 PM",403
00137A0000013683,01,"10/3/2014 2:08:35 PM",401
00137A0000013683,01,"10/3/2014 2:09:35 PM",398
00137A0000013683,01,"10/3/2014 2:10:35 PM",397
00137A0000013683,01,"10/3/2014 2:11:35 PM",394
00137A0000013683,01,"10/3/2014 2:12:35 PM",392
00137A0000013683,01,"10/3/2014 2:13:34 PM",389
00137A0000013683,01,"10/3/2014 2:14:34 PM",386
00137A0000013683,01,"10/3/2014 2:15:34 PM",384
00137A0000013683,01,"10/3/2014 2:16:34 PM",380
00137A0000013683,01,"10/3/2014 2:17:33 PM",379
00137A0000013683,01,"10/3/2014 2:18:33 PM",375
00137A0000013683,01,"10/3/2014 2:19:33 PM",372
00137A0000013683,01,"10/3/2014 2:20:33 PM",370
00137A0000013683,01,"10/3/2014 2:21:32 PM",368
00137A0000013683,01,"10/3/2014 2:22:32 PM",364
00137A0000013683,01,"10/3/2014 2:23:32 PM",362
00137A0000013683,01,"10/3/2014 2:24:32 PM",359
00137A0000013683,01,"10/3/2014 2:25:31 PM",358
00137A0000013683,01,"10/3/2014 2:26:31 PM",357
00137A0000013683,01,"10/3/2014 2:27:31 PM",353
00137A0000013683,01,"10/3/2014 2:28:31 PM",351
00137A0000013683,01,"10/3/2014 2:29:30 PM",349
00137A0000013683,01,"10/3/2014 2:30:30 PM",346
00137A0000013683,01,"10/3/2014 2:31:30 PM",345
00137A0000013683,01,"10/3/2014 2:32:30 PM",342
00137A0000013683,01,"10/3/2014 2:33:29 PM",341
00137A0000013683,01,"10/3/2014 2:34:29 PM",338
00137A0000013683,01,"10/3/2014 2:35:29 PM",337
00137A0000013683,01,"10/3/2014 2:36:29 PM",334
00137A0000013683,01,"10/3/2014 2:37:29 PM",332
00137A0000013683,01,"10/3/2014 2:38:28 PM",331
00137A0000013683,01,"10/3/2014 2:39:28 PM",328
00137A0000013683,01,"10/3/2014 2:40:28 PM",327
00137A0000013683,01,"10/3/2014 2:41:27 PM",324
00137A0000013683,01,"10/3/2014 2:42:27 PM",321
00137A0000013683,01,"10/3/2014 2:43:27 PM",320
00137A0000013683,01,"10/3/2014 2:44:27 PM",317
00137A0000013683,01,"10/3/2014 2:45:27 PM",315
00137A0000013683,01,"10/3/2014 2:46:26 PM",312
00137A0000013683,01,"10/3/2014 2:47:26 PM",310
00137A0000013683,01,"10/3/2014 2:48:26 PM",308
00137A0000013683,01,"10/3/2014 2:49:26 PM",306
00137A0000013683,01,"10/3/2014 2:50:25 PM",304
00137A0000013683,01,"10/3/2014 2:51:25 PM",302
00137A0000013683,01,"10/3/2014 2:52:25 PM",301
00137A0000013683,01,"10/3/2014 2:53:25 PM",299
00137A0000013683,01,"10/3/2014 2:54:24 PM",298
00137A0000013683,01,"10/3/2014 2:54:24 PM",298
00137A0000013683,01,"10/3/2014 2:56:24 PM",294
00137A0000013683,01,"10/3/2014 2:57:24 PM",290
00137A0000013683,01,"10/3/2014 2:58:23 PM",289
00137A0000013683,01,"10/3/2014 2:59:23 PM",288
00137A0000013683,01,"10/3/2014 3:00:23 PM",286
00137A0000013683,01,"10/3/2014 3:01:23 PM",284
00137A0000013683,01,"10/3/2014 3:02:22 PM",281
00137A0000013683,01,"10/3/2014 3:03:22 PM",280
00137A0000013683,01,"10/3/2014 3:04:22 PM",278
00137A0000013683,01,"10/3/2014 3:05:22 PM",276
00137A0000013683,01,"10/3/2014 3:06:21 PM",275
00137A0000013683,01,"10/3/2014 3:07:21 PM",272
00137A0000013683,01,"10/3/2014 3:08:21 PM",271
00137A0000013683,01,"10/3/2014 3:09:21 PM",268
00137A0000013683,01,"10/3/2014 3:10:20 PM",267
00137A0000013683,01,"10/3/2014 3:11:20 PM",265
00137A0000013683,01,"10/3/2014 3:12:20 PM",263
00137A0000013683,01,"10/3/2014 3:13:20 PM",262
00137A0000013683,01,"10/3/2014 3:14:19 PM",259
00137A0000013683,01,"10/3/2014 3:15:19 PM",256
00137A0000013683,01,"10/3/2014 3:16:19 PM",255
00137A0000013683,01,"10/3/2014 3:16:19 PM",255
00137A0000013683,01,"10/3/2014 3:17:19 PM",252
00137A0000013683,01,"10/3/2014 3:18:19 PM",250
00137A0000013683,01,"10/3/2014 3:19:18 PM",248
00137A0000013683,01,"10/3/2014 3:20:18 PM",247
00137A0000013683,01,"10/3/2014 3:21:18 PM",245
00137A0000013683,01,"10/3/2014 3:22:18 PM",242
00137A0000013683,01,"10/3/2014 3:23:17 PM",242
00137A0000013683,01,"10/3/2014 3:24:17 PM",239
00137A0000013683,01,"10/3/2014 3:25:17 PM",238
00137A0000013683,01,"10/3/2014 3:26:17 PM",235
00137A0000013683,01,"10/3/2014 3:27:16 PM",233
00137A0000013683,01,"10/3/2014 3:28:16 PM",232
00137A0000013683,01,"10/3/2014 3:29:16 PM",229
00137A0000013683,01,"10/3/2014 3:30:16 PM",228
00137A0000013683,01,"10/3/2014 3:31:15 PM",226
00137A0000013683,01,"10/3/2014 3:32:15 PM",224
00137A0000013683,01,"10/3/2014 3:34:15 PM",220
00137A0000013683,01,"10/3/2014 3:35:14 PM",219
00137A0000013683,01,"10/3/2014 3:36:14 PM",217
00137A0000013683,01,"10/3/2014 3:37:14 PM",215
00137A0000013683,01,"10/3/2014 3:38:14 PM",213
00137A0000013683,01,"10/3/2014 3:39:13 PM",212
00137A0000013683,01,"10/3/2014 3:40:13 PM",209
00137A0000013683,01,"10/3/2014 3:41:13 PM",208
00137A0000013683,01,"10/3/2014 3:42:13 PM",207
00137A0000013683,01,"10/3/2014 3:43:12 PM",204
00137A0000013683,01,"10/3/2014 3:44:12 PM",204
00137A0000013683,01,"10/3/2014 3:45:12 PM",202
00137A0000013683,01,"10/3/2014 3:46:12 PM",200
00137A0000013683,01,"10/3/2014 3:47:11 PM",199
00137A0000013683,01,"10/3/2014 3:48:11 PM",196
00137A0000013683,01,"10/3/2014 3:49:11 PM",195
00137A0000013683,01,"10/3/2014 3:50:11 PM",194
00137A0000013683,01,"10/3/2014 3:51:10 PM",191
00137A0000013683,01,"10/3/2014 3:52:10 PM",190
00137A0000013683,01,"10/3/2014 3:53:10 PM",189
00137A0000013683,01,"10/3/2014 3:54:10 PM",187
00137A0000013683,01,"10/3/2014 3:55:10 PM",185
00137A0000013683,01,"10/3/2014 3:56:09 PM",183
00137A0000013683,01,"10/3/2014 3:57:09 PM",182
00137A0000013683,01,"10/3/2014 3:58:09 PM",181
00137A0000013683,01,"10/3/2014 3:59:09 PM",178
00137A0000013683,01,"10/3/2014 3:59:09 PM",178
00137A0000013683,01,"10/3/2014 4:00:08 PM",177
00137A0000013683,01,"10/3/2014 4:01:08 PM",176
00137A0000013683,01,"10/3/2014 4:02:08 PM",173
00137A0000013683,01,"10/3/2014 4:03:08 PM",173
00137A0000013683,01,"10/3/2014 4:04:07 PM",170
00137A0000013683,01,"10/3/2014 4:05:07 PM",170
00137A0000013683,01,"10/3/2014 4:06:07 PM",168
00137A0000013683,01,"10/3/2014 4:07:07 PM",166
00137A0000013683,01,"10/3/2014 4:08:06 PM",165
00137A0000013683,01,"10/3/2014 4:09:06 PM",164
00137A0000013683,01,"10/3/2014 4:10:06 PM",161
00137A0000013683,01,"10/3/2014 4:11:06 PM",160
00137A0000013683,01,"10/3/2014 4:12:05 PM",159
00137A0000013683,01,"10/3/2014 4:13:05 PM",157
00137A0000013683,01,"10/3/2014 4:14:05 PM",156
00137A0000013683,01,"10/3/2014 4:15:05 PM",155
00137A0000013683,01,"10/3/2014 4:16:04 PM",153
00137A0000013683,01,"10/3/2014 4:17:04 PM",152
00137A0000013683,01,"10/3/2014 4:18:04 PM",151
00137A0000013683,01,"10/3/2014 4:19:04 PM",150
00137A0000013683,01,"10/3/2014 4:20:03 PM",148
00137A0000013683,01,"10/3/2014 4:21:03 PM",147
00137A0000013683,01,"10/3/2014 4:22:03 PM",146
00137A0000013683,01,"10/3/2014 4:24:02 PM",289
00137A0000013683,01,"10/3/2014 4:25:01 PM",303
00137A0000013683,01,"10/3/2014 4:26:01 PM",307
00137A0000013683,01,"10/3/2014 4:27:01 PM",307
00137A0000013683,01,"10/3/2014 4:28:00 PM",307
00137A0000013683,01,"10/3/2014 4:29:00 PM",306
00137A0000013683,01,"10/3/2014 4:30:00 PM",306
00137A0000013683,01,"10/3/2014 4:31:00 PM",304
00137A0000013683,01,"10/3/2014 4:32:00 PM",303
00137A0000013683,01,"10/3/2014 4:32:59 PM",303
00137A0000013683,01,"10/3/2014 4:33:59 PM",302
00137A0000013683,01,"10/3/2014 4:34:59 PM",301
00137A0000013683,01,"10/3/2014 4:35:59 PM",299
00137A0000013683,01,"10/3/2014 4:36:58 PM",298
00137A0000013683,01,"10/3/2014 4:37:58 PM",298
00137A0000013683,01,"10/3/2014 4:38:58 PM",295
00137A0000013683,01,"10/3/2014 4:39:58 PM",295
00137A0000013683,01,"10/3/2014 4:40:57 PM",294
00137A0000013683,01,"10/3/2014 4:41:57 PM",293
00137A0000013683,01,"10/3/2014 4:42:57 PM",291
00137A0000013683,01,"10/3/2014 4:43:57 PM",290
00137A0000013683,01,"10/3/2014 4:44:56 PM",291
00137A0000013683,01,"10/3/2014 4:44:56 PM",291
00137A0000013683,01,"10/3/2014 4:45:56 PM",288
00137A0000013683,01,"10/3/2014 4:46:56 PM",288
00137A0000013683,01,"10/3/2014 4:47:56 PM",286
00137A0000013683,01,"10/3/2014 4:48:55 PM",284
00137A0000013683,01,"10/3/2014 4:49:55 PM",285
00137A0000013683,01,"10/3/2014 4:50:55 PM",284
00137A0000013683,01,"10/3/2014 4:51:55 PM",285
00137A0000013683,01,"10/3/2014 4:52:54 PM",282
00137A0000013683,01,"10/3/2014 4:53:54 PM",282
00137A0000013683,01,"10/3/2014 4:54:54 PM",282
00137A0000013683,01,"10/3/2014 4:55:54 PM",281
00137A0000013683,01,"10/3/2014 4:56:53 PM",280
00137A0000013683,01,"10/3/2014 4:57:53 PM",278
00137A0000013683,01,"10/3/2014 4:58:53 PM",276
00137A0000013683,01,"10/3/2014 5:00:52 PM",275
00137A0000013683,01,"10/3/2014 5:01:52 PM",275
00137A0000013683,01,"10/3/2014 5:02:52 PM",273
00137A0000013683,01,"10/3/2014 5:03:52 PM",272
00137A0000013683,01,"10/3/2014 5:04:52 PM",269
00137A0000013683,01,"10/3/2014 5:05:51 PM",269
00137A0000013683,01,"10/3/2014 5:06:51 PM",268
00137A0000013683,01,"10/3/2014 5:07:51 PM",265
00137A0000013683,01,"10/3/2014 5:08:51 PM",267
00137A0000013683,01,"10/3/2014 5:09:50 PM",265
00137A0000013683,01,"10/3/2014 5:10:50 PM",264
00137A0000013683,01,"10/3/2014 5:11:50 PM",264
00137A0000013683,01,"10/3/2014 5:12:50 PM",263
00137A0000013683,01,"10/3/2014 5:13:49 PM",263
00137A0000013683,01,"10/3/2014 5:14:49 PM",262
00137A0000013683,01,"10/3/2014 5:15:49 PM",262
00137A0000013683,01,"10/3/2014 5:16:49 PM",262
00137A0000013683,01,"10/3/2014 5:17:48 PM",260
00137A0000013683,01,"10/3/2014 5:18:48 PM",260
00137A0000013683,01,"10/3/2014 5:19:48 PM",260
00137A0000013683,01,"10/3/2014 5:20:48 PM",259
00137A0000013683,01,"10/3/2014 5:21:47 PM",258
00137A0000013683,01,"10/3/2014 5:22:47 PM",258
00137A0000013683,01,"10/3/2014 5:24:47 PM",255
00137A0000013683,01,"10/3/2014 5:25:46 PM",255
00137A0000013683,01,"10/3/2014 5:26:46 PM",255
00137A0000013683,01,"10/3/2014 5:27:46 PM",254
00137A0000013683,01,"10/3/2014 5:28:46 PM",254
00137A0000013683,01,"10/3/2014 5:29:45 PM",252
00137A0000013683,01,"10/3/2014 5:30:45 PM",251
00137A0000013683,01,"10/3/2014 5:31:45 PM",250
00137A0000013683,01,"10/3/2014 5:32:45 PM",250
00137A0000013683,01,"10/3/2014 5:34:44 PM",247
00137A0000013683,01,"10/3/2014 5:35:44 PM",246
00137A0000013683,01,"10/3/2014 5:36:44 PM",245
00137A0000013683,01,"10/3/2014 5:37:43 PM",243
00137A0000013683,01,"10/3/2014 5:38:43 PM",243
00137A0000013683,01,"10/3/2014 5:39:43 PM",242
00137A0000013683,01,"10/3/2014 5:40:43 PM",241
00137A0000013683,01,"10/3/2014 5:41:42 PM",239
00137A0000013683,01,"10/3/2014 5:42:42 PM",238
00137A0000013683,01,"10/3/2014 5:43:42 PM",238
00137A0000013683,01,"10/3/2014 5:44:42 PM",237
00137A0000013683,01,"10/3/2014 5:45:42 PM",235
00137A0000013683,01,"10/3/2014 5:46:41 PM",235
00137A0000013683,01,"10/3/2014 5:47:41 PM",235
00137A0000013683,01,"10/3/2014 5:48:41 PM",234
00137A0000013683,01,"10/3/2014 5:49:41 PM",234
00137A0000013683,01,"10/3/2014 5:50:40 PM",234
00137A0000013683,01,"10/3/2014 5:51:40 PM",233
00137A0000013683,01,"10/3/2014 5:52:40 PM",233
00137A0000013683,01,"10/3/2014 5:53:40 PM",233
00137A0000013683,01,"10/3/2014 5:54:39 PM",233
00137A0000013683,01,"10/3/2014 5:55:39 PM",232
00137A0000013683,01,"10/3/2014 5:56:39 PM",232
00137A0000013683,01,"10/3/2014 5:57:39 PM",230
00137A0000013683,01,"10/3/2014 5:58:38 PM",230
00137A0000013683,01,"10/3/2014 5:59:38 PM",229
00137A0000013683,01,"10/3/2014 6:00:38 PM",229
00137A0000013683,01,"10/3/2014 6:02:37 PM",229
00137A0000013683,01,"10/3/2014 6:03:37 PM",228
00137A0000013683,01,"10/3/2014 6:04:37 PM",226
00137A0000013683,01,"10/3/2014 6:05:37 PM",226
00137A0000013683,01,"10/3/2014 6:06:36 PM",226
00137A0000013683,01,"10/3/2014 6:07:36 PM",225
00137A0000013683,01,"10/3/2014 6:08:36 PM",225
00137A0000013683,01,"10/3/2014 6:09:36 PM",224
00137A0000013683,01,"10/3/2014 6:10:35 PM",224
00137A0000013683,01,"10/3/2014 6:11:35 PM",222
00137A0000013683,01,"10/3/2014 6:12:35 PM",222
00137A0000013683,01,"10/3/2014 6:13:35 PM",221
00137A0000013683,01,"10/3/2014 6:14:35 PM",221
00137A0000013683,01,"10/3/2014 6:15:34 PM",220
00137A0000013683,01,"10/3/2014 6:16:34 PM",220
00137A0000013683,01,"10/3/2014 6:17:34 PM",220
00137A0000013683,01,"10/3/2014 6:18:33 PM",219
00137A0000013683,01,"10/3/2014 6:19:33 PM",217
00137A0000013683,01,"10/3/2014 6:20:33 PM",217
00137A0000013683,01,"10/3/2014 6:21:33 PM",217
00137A0000013683,01,"10/3/2014 6:22:33 PM",216
00137A0000013683,01,"10/3/2014 6:23:32 PM",216
00137A0000013683,01,"10/3/2014 6:24:32 PM",215
00137A0000013683,01,"10/3/2014 6:25:32 PM",213
00137A0000013683,01,"10/3/2014 6:26:32 PM",213
00137A0000013683,01,"10/3/2014 6:27:31 PM",213
00137A0000013683,01,"10/3/2014 6:28:31 PM",212
00137A0000013683,01,"10/3/2014 6:29:31 PM",211
00137A0000013683,01,"10/3/2014 6:30:31 PM",211
00137A0000013683,01,"10/3/2014 6:31:30 PM",209
00137A0000013683,01,"10/3/2014 6:32:30 PM",209
00137A0000013683,01,"10/3/2014 6:33:30 PM",208
00137A0000013683,01,"10/3/2014 6:34:30 PM",208
00137A0000013683,01,"10/3/2014 6:35:29 PM",207
00137A0000013683,01,"10/3/2014 6:36:29 PM",207
00137A0000013683,01,"10/3/2014 6:37:29 PM",206
00137A0000013683,01,"10/3/2014 6:38:29 PM",204
00137A0000013683,01,"10/3/2014 6:39:28 PM",204
00137A0000013683,01,"10/3/2014 6:41:28 PM",202
00137A0000013683,01,"10/3/2014 6:42:28 PM",202
00137A0000013683,01,"10/3/2014 6:43:27 PM",200
00137A0000013683,01,"10/3/2014 6:44:27 PM",199
00137A0000013683,01,"10/3/2014 6:45:27 PM",199
00137A0000013683,01,"10/3/2014 6:47:26 PM",198
00137A0000013683,01,"10/3/2014 6:48:26 PM",196
00137A0000013683,01,"10/3/2014 6:49:26 PM",195
00137A0000013683,01,"10/3/2014 6:50:26 PM",194
00137A0000013683,01,"10/3/2014 6:51:25 PM",192
00137A0000013683,01,"10/3/2014 6:52:25 PM",192
00137A0000013683,01,"10/3/2014 6:53:25 PM",191
00137A0000013683,01,"10/3/2014 6:54:25 PM",190
00137A0000013683,01,"10/3/2014 6:55:24 PM",189
00137A0000013683,01,"10/3/2014 6:56:24 PM",189
00137A0000013683,01,"10/3/2014 6:57:24 PM",187
00137A0000013683,01,"10/3/2014 6:58:24 PM",186
00137A0000013683,01,"10/3/2014 6:59:23 PM",185
00137A0000013683,01,"10/3/2014 7:00:23 PM",185
00137A0000013683,01,"10/3/2014 7:01:23 PM",183
00137A0000013683,01,"10/3/2014 7:02:23 PM",183
00137A0000013683,01,"10/3/2014 7:03:22 PM",182
00137A0000013683,01,"10/3/2014 7:04:22 PM",181
00137A0000013683,01,"10/3/2014 7:05:22 PM",181
00137A0000013683,01,"10/3/2014 7:06:22 PM",179
00137A0000013683,01,"10/3/2014 7:07:21 PM",178
00137A0000013683,01,"10/3/2014 7:08:21 PM",178
00137A0000013683,01,"10/3/2014 7:09:21 PM",177
00137A0000013683,01,"10/3/2014 7:10:21 PM",177
00137A0000013683,01,"10/3/2014 7:11:20 PM",177
00137A0000013683,01,"10/3/2014 7:12:20 PM",176
00137A0000013683,01,"10/3/2014 7:13:20 PM",174
00137A0000013683,01,"10/3/2014 7:14:20 PM",174
00137A0000013683,01,"10/3/2014 7:15:19 PM",174
00137A0000013683,01,"10/3/2014 7:16:19 PM",173
00137A0000013683,01,"10/3/2014 7:17:19 PM",173
00137A0000013683,01,"10/3/2014 7:18:19 PM",173
00137A0000013683,01,"10/3/2014 7:19:18 PM",172
00137A0000013683,01,"10/3/2014 7:20:18 PM",172
00137A0000013683,01,"10/3/2014 7:21:18 PM",172
00137A0000013683,01,"10/3/2014 7:22:18 PM",170
00137A0000013683,01,"10/3/2014 7:23:18 PM",170
00137A0000013683,01,"10/3/2014 7:24:17 PM",170
00137A0000013683,01,"10/3/2014 7:25:17 PM",170
00137A0000013683,01,"10/3/2014 7:26:17 PM",170
00137A0000013683,01,"10/3/2014 7:27:17 PM",170
00137A0000013683,01,"10/3/2014 7:28:16 PM",170
00137A0000013683,01,"10/3/2014 7:29:16 PM",170
00137A0000013683,01,"10/3/2014 7:30:16 PM",170
00137A0000013683,01,"10/3/2014 7:31:15 PM",170
00137A0000013683,01,"10/3/2014 7:32:15 PM",170
00137A0000013683,01,"10/3/2014 7:33:15 PM",170
00137A0000013683,01,"10/3/2014 7:34:15 PM",170
00137A0000013683,01,"10/3/2014 7:35:15 PM",170
00137A0000013683,01,"10/3/2014 7:36:14 PM",170
00137A0000013683,01,"10/3/2014 7:37:14 PM",170
00137A0000013683,01,"10/3/2014 7:38:14 PM",170
00137A0000013683,01,"10/3/2014 7:39:14 PM",170
00137A0000013683,01,"10/3/2014 7:40:13 PM",170
00137A0000013683,01,"10/3/2014 7:41:13 PM",170
00137A0000013683,01,"10/3/2014 7:42:13 PM",170
00137A0000013683,01,"10/3/2014 7:43:13 PM",170
00137A0000013683,01,"10/3/2014 7:44:12 PM",170
00137A0000013683,01,"10/3/2014 7:45:12 PM",170
00137A0000013683,01,"10/3/2014 7:46:12 PM",170
00137A0000013683,01,"10/3/2014 7:47:12 PM",170
00137A0000013683,01,"10/3/2014 7:48:11 PM",170
00137A0000013683,01,"10/3/2014 7:49:11 PM",170
00137A0000013683,01,"10/3/2014 7:50:11 PM",170
00137A0000013683,01,"10/3/2014 7:51:11 PM",170
00137A0000013683,01,"10/3/2014 7:52:10 PM",170
00137A0000013683,01,"10/3/2014 7:53:10 PM",170
00137A0000013683,01,"10/3/2014 7:54:10 PM",170
00137A0000013683,01,"10/3/2014 7:55:10 PM",170
00137A0000013683,01,"10/3/2014 7:56:09 PM",170
00137A0000013683,01,"10/3/2014 7:57:09 PM",170
00137A0000013683,01,"10/3/2014 7:58:09 PM",170
00137A0000013683,01,"10/3/2014 7:59:09 PM",170
00137A0000013683,01,"10/3/2014 8:00:08 PM",170
00137A0000013683,01,"10/3/2014 8:01:08 PM",170
00137A0000013683,01,"10/3/2014 8:02:08 PM",170
00137A0000013683,01,"10/3/2014 8:03:08 PM",170
00137A0000013683,01,"10/3/2014 8:04:07 PM",170
00137A0000013683,01,"10/3/2014 8:05:07 PM",170
00137A0000013683,01,"10/3/2014 8:06:07 PM",170
00137A0000013683,01,"10/3/2014 8:07:07 PM",170
00137A0000013683,01,"10/3/2014 8:08:06 PM",170
00137A0000013683,01,"10/3/2014 8:09:06 PM",170
00137A0000013683,01,"10/3/2014 8:10:06 PM",170
00137A0000013683,01,"10/3/2014 8:11:06 PM",170
00137A0000013683,01,"10/3/2014 8:12:05 PM",170
00137A0000013683,01,"10/3/2014 8:13:05 PM",170
00137A0000013683,01,"10/3/2014 8:14:05 PM",170
00137A0000013683,01,"10/3/2014 8:15:05 PM",170
00137A0000013683,01,"10/3/2014 8:16:04 PM",170
00137A0000013683,01,"10/3/2014 8:17:04 PM",170
00137A0000013683,01,"10/3/2014 8:18:04 PM",170
00137A0000013683,01,"10/3/2014 8:19:04 PM",170
00137A0000013683,01,"10/3/2014 8:20:03 PM",170
00137A0000013683,01,"10/3/2014 8:21:03 PM",170
00137A0000013683,01,"10/3/2014 8:22:03 PM",170
00137A0000013683,01,"10/3/2014 8:23:03 PM",170
00137A0000013683,01,"10/3/2014 8:24:02 PM",170
00137A0000013683,01,"10/3/2014 8:25:02 PM",170
00137A0000013683,01,"10/3/2014 8:26:02 PM",170
00137A0000013683,01,"10/3/2014 8:27:02 PM",170
00137A0000013683,01,"10/3/2014 8:28:01 PM",170
00137A0000013683,01,"10/3/2014 8:29:01 PM",170
00137A0000013683,01,"10/3/2014 8:30:01 PM",170
00137A0000013683,01,"10/3/2014 8:31:01 PM",170
00137A0000013683,01,"10/3/2014 8:32:00 PM",170
00137A0000013683,01,"10/3/2014 8:33:00 PM",170
00137A0000013683,01,"10/3/2014 8:34:00 PM",170
00137A0000013683,01,"10/3/2014 8:35:00 PM",170
00137A0000013683,01,"10/3/2014 8:35:59 PM",170
00137A0000013683,01,"10/3/2014 8:36:59 PM",170
00137A0000013683,01,"10/3/2014 8:37:59 PM",170
00137A0000013683,01,"10/3/2014 8:38:59 PM",170
00137A0000013683,01,"10/3/2014 8:39:58 PM",170
00137A0000013683,01,"10/3/2014 8:40:58 PM",170
00137A0000013683,01,"10/3/2014 8:41:58 PM",170
00137A0000013683,01,"10/3/2014 8:42:58 PM",170
00137A0000013683,01,"10/3/2014 8:43:57 PM",170
00137A0000013683,01,"10/3/2014 8:44:57 PM",170
00137A0000013683,01,"10/3/2014 8:45:57 PM",170
00137A0000013683,01,"10/3/2014 8:46:57 PM",170
00137A0000013683,01,"10/3/2014 8:47:57 PM",170
00137A0000013683,01,"10/3/2014 8:48:56 PM",170
00137A0000013683,01,"10/3/2014 8:49:56 PM",170
00137A0000013683,01,"10/3/2014 8:50:56 PM",170
00137A0000013683,01,"10/3/2014 8:51:55 PM",170
00137A0000013683,01,"10/3/2014 8:52:55 PM",170
00137A0000013683,01,"10/3/2014 8:53:55 PM",170
00137A0000013683,01,"10/3/2014 8:54:55 PM",170
00137A0000013683,01,"10/3/2014 8:55:55 PM",170
00137A0000013683,01,"10/3/2014 8:56:54 PM",170
00137A0000013683,01,"10/3/2014 8:57:54 PM",170
00137A0000013683,01,"10/3/2014 8:58:54 PM",170
00137A0000013683,01,"10/3/2014 8:59:54 PM",170
00137A0000013683,01,"10/3/2014 9:00:53 PM",170
00137A0000013683,01,"10/3/2014 9:01:53 PM",170
00137A0000013683,01,"10/3/2014 9:02:53 PM",170
00137A0000013683,01,"10/3/2014 9:03:53 PM",170
00137A0000013683,01,"10/3/2014 9:04:52 PM",170
00137A0000013683,01,"10/3/2014 9:05:52 PM",170
00137A0000013683,01,"10/3/2014 9:06:52 PM",170
00137A0000013683,01,"10/3/2014 9:07:52 PM",170
00137A0000013683,01,"10/3/2014 9:08:51 PM",170
00137A0000013683,01,"10/3/2014 9:09:51 PM",170
00137A0000013683,01,"10/3/2014 9:10:51 PM",170
00137A0000013683,01,"10/3/2014 9:12:50 PM",170
00137A0000013683,01,"10/3/2014 9:13:50 PM",170
00137A0000013683,01,"10/3/2014 9:14:50 PM",170
00137A0000013683,01,"10/3/2014 9:15:50 PM",170
00137A0000013683,01,"10/3/2014 9:16:49 PM",170
00137A0000013683,01,"10/3/2014 9:17:49 PM",170
00137A0000013683,01,"10/3/2014 9:18:49 PM",170
00137A0000013683,01,"10/3/2014 9:19:49 PM",170
00137A0000013683,01,"10/3/2014 9:20:48 PM",170
00137A0000013683,01,"10/3/2014 9:21:48 PM",170
00137A0000013683,01,"10/3/2014 9:22:48 PM",170
00137A0000013683,01,"10/3/2014 9:23:48 PM",170
00137A0000013683,01,"10/3/2014 9:24:47 PM",170
00137A0000013683,01,"10/3/2014 9:25:47 PM",170
00137A0000013683,01,"10/3/2014 9:26:47 PM",170
00137A0000013683,01,"10/3/2014 9:27:47 PM",170
00137A0000013683,01,"10/3/2014 9:28:46 PM",170
00137A0000013683,01,"10/3/2014 9:29:46 PM",170
00137A0000013683,01,"10/3/2014 9:30:46 PM",170
00137A0000013683,01,"10/3/2014 9:31:46 PM",170
00137A0000013683,01,"10/3/2014 9:32:46 PM",170
00137A0000013683,01,"10/3/2014 9:33:45 PM",170
00137A0000013683,01,"10/3/2014 9:34:45 PM",170
00137A0000013683,01,"10/3/2014 9:35:45 PM",170
00137A0000013683,01,"10/3/2014 9:36:44 PM",170
00137A0000013683,01,"10/3/2014 9:37:44 PM",170
00137A0000013683,01,"10/3/2014 9:38:44 PM",170
00137A0000013683,01,"10/3/2014 9:39:44 PM",170
00137A0000013683,01,"10/3/2014 9:40:43 PM",170
00137A0000013683,01,"10/3/2014 9:41:43 PM",170
00137A0000013683,01,"10/3/2014 9:42:43 PM",170
00137A0000013683,01,"10/3/2014 9:43:43 PM",170
00137A0000013683,01,"10/3/2014 9:44:43 PM",170
00137A0000013683,01,"10/3/2014 9:45:42 PM",170
00137A0000013683,01,"10/3/2014 9:46:42 PM",170
00137A0000013683,01,"10/3/2014 9:47:42 PM",170
00137A0000013683,01,"10/3/2014 9:48:42 PM",170
00137A0000013683,01,"10/3/2014 9:49:41 PM",170
00137A0000013683,01,"10/3/2014 9:50:41 PM",170
00137A0000013683,01,"10/3/2014 9:51:41 PM",170
00137A0000013683,01,"10/3/2014 9:52:41 PM",170
00137A0000013683,01,"10/3/2014 9:53:40 PM",170
00137A0000013683,01,"10/3/2014 9:54:40 PM",170
00137A0000013683,01,"10/3/2014 9:55:40 PM",170
00137A0000013683,01,"10/3/2014 9:56:40 PM",170
00137A0000013683,01,"10/3/2014 9:57:39 PM",170
00137A0000013683,01,"10/3/2014 9:58:39 PM",170
00137A0000013683,01,"10/3/2014 9:59:39 PM",170
00137A0000013683,01,"10/3/2014 10:00:39 PM",170
00137A0000013683,01,"10/3/2014 10:01:38 PM",170
00137A0000013683,01,"10/3/2014 10:02:38 PM",170
00137A0000013683,01,"10/3/2014 10:03:38 PM",170
00137A0000013683,01,"10/3/2014 10:04:38 PM",170
00137A0000013683,01,"10/3/2014 10:05:37 PM",170
00137A0000013683,01,"10/3/2014 10:06:37 PM",170
00137A0000013683,01,"10/3/2014 10:07:37 PM",170
00137A0000013683,01,"10/3/2014 10:08:37 PM",170
00137A0000013683,01,"10/3/2014 10:09:36 PM",170
00137A0000013683,01,"10/3/2014 10:10:36 PM",170
00137A0000013683,01,"10/3/2014 10:11:36 PM",170
00137A0000013683,01,"10/3/2014 10:12:36 PM",170
00137A0000013683,01,"10/3/2014 10:13:35 PM",170
00137A0000013683,01,"10/3/2014 10:14:35 PM",170
00137A0000013683,01,"10/3/2014 10:15:35 PM",170
00137A0000013683,01,"10/3/2014 10:16:35 PM",170
00137A0000013683,01,"10/3/2014 10:17:34 PM",170
00137A0000013683,01,"10/3/2014 10:18:34 PM",170
00137A0000013683,01,"10/3/2014 10:19:34 PM",170
00137A0000013683,01,"10/3/2014 10:20:34 PM",170
00137A0000013683,01,"10/3/2014 10:21:34 PM",170
00137A0000013683,01,"10/3/2014 10:22:33 PM",170
00137A0000013683,01,"10/3/2014 10:23:33 PM",170
00137A0000013683,01,"10/3/2014 10:24:33 PM",170
00137A0000013683,01,"10/3/2014 10:25:32 PM",170
00137A0000013683,01,"10/3/2014 10:26:32 PM",170
00137A0000013683,01,"10/3/2014 10:27:32 PM",170
00137A0000013683,01,"10/3/2014 10:28:32 PM",170
00137A0000013683,01,"10/3/2014 10:29:32 PM",170
00137A0000013683,01,"10/3/2014 10:30:31 PM",170
00137A0000013683,01,"10/3/2014 10:31:31 PM",170
00137A0000013683,01,"10/3/2014 10:32:31 PM",170
00137A0000013683,01,"10/3/2014 10:33:31 PM",170
00137A0000013683,01,"10/3/2014 10:34:30 PM",170
00137A0000013683,01,"10/3/2014 10:35:30 PM",170
00137A0000013683,01,"10/3/2014 10:36:30 PM",170
00137A0000013683,01,"10/3/2014 10:37:30 PM",170
00137A0000013683,01,"10/3/2014 10:38:29 PM",170
00137A0000013683,01,"10/3/2014 10:39:29 PM",170
00137A0000013683,01,"10/3/2014 10:40:29 PM",170
00137A0000013683,01,"10/3/2014 10:41:28 PM",170
00137A0000013683,01,"10/3/2014 10:42:28 PM",170
00137A0000013683,01,"10/3/2014 10:43:28 PM",170
00137A0000013683,01,"10/3/2014 10:44:28 PM",170
00137A0000013683,01,"10/3/2014 10:45:28 PM",170
00137A0000013683,01,"10/3/2014 10:46:27 PM",170
00137A0000013683,01,"10/3/2014 10:46:27 PM",170
00137A0000013683,01,"10/3/2014 10:47:27 PM",170
00137A0000013683,01,"10/3/2014 10:48:27 PM",170
00137A0000013683,01,"10/3/2014 10:49:26 PM",170
00137A0000013683,01,"10/3/2014 10:50:26 PM",170
00137A0000013683,01,"10/3/2014 10:51:26 PM",170
00137A0000013683,01,"10/3/2014 10:52:26 PM",170
00137A0000013683,01,"10/3/2014 10:53:26 PM",170
00137A0000013683,01,"10/3/2014 10:54:25 PM",170
00137A0000013683,01,"10/3/2014 10:55:25 PM",170
00137A0000013683,01,"10/3/2014 10:56:25 PM",170
00137A0000013683,01,"10/3/2014 10:57:25 PM",170
00137A0000013683,01,"10/3/2014 10:58:24 PM",170
00137A0000013683,01,"10/3/2014 10:59:24 PM",170
00137A0000013683,01,"10/3/2014 11:00:24 PM",170
00137A0000013683,01,"10/3/2014 11:01:24 PM",170
00137A0000013683,01,"10/3/2014 11:02:23 PM",170
00137A0000013683,01,"10/3/2014 11:03:23 PM",170
00137A0000013683,01,"10/3/2014 11:04:23 PM",170
00137A0000013683,01,"10/3/2014 11:05:23 PM",170
00137A0000013683,01,"10/3/2014 11:06:22 PM",170
00137A0000013683,01,"10/3/2014 11:07:22 PM",170
00137A0000013683,01,"10/3/2014 11:08:22 PM",170
00137A0000013683,01,"10/3/2014 11:09:22 PM",170
00137A0000013683,01,"10/3/2014 11:10:21 PM",170
00137A0000013683,01,"10/3/2014 11:11:21 PM",170
00137A0000013683,01,"10/3/2014 11:12:21 PM",170
00137A0000013683,01,"10/3/2014 11:13:21 PM",170
00137A0000013683,01,"10/3/2014 11:14:20 PM",170
00137A0000013683,01,"10/3/2014 11:15:20 PM",170
00137A0000013683,01,"10/3/2014 11:16:20 PM",170
00137A0000013683,01,"10/3/2014 11:17:20 PM",170
00137A0000013683,01,"10/3/2014 11:18:19 PM",170
00137A0000013683,01,"10/3/2014 11:19:19 PM",170
00137A0000013683,01,"10/3/2014 11:20:19 PM",170
00137A0000013683,01,"10/3/2014 11:21:19 PM",170
00137A0000013683,01,"10/3/2014 11:22:18 PM",170
00137A0000013683,01,"10/3/2014 11:23:18 PM",170
00137A0000013683,01,"10/3/2014 11:24:18 PM",170
00137A0000013683,01,"10/3/2014 11:25:18 PM",170
00137A0000013683,01,"10/3/2014 11:26:17 PM",170
00137A0000013683,01,"10/3/2014 11:27:17 PM",170
00137A0000013683,01,"10/3/2014 11:28:17 PM",170
00137A0000013683,01,"10/3/2014 11:29:17 PM",170
00137A0000013683,01,"10/3/2014 11:30:16 PM",170
00137A0000013683,01,"10/3/2014 11:32:16 PM",170
00137A0000013683,01,"10/3/2014 11:33:16 PM",170
00137A0000013683,01,"10/3/2014 11:34:15 PM",170
00137A0000013683,01,"10/3/2014 11:35:15 PM",170
00137A0000013683,01,"10/3/2014 11:36:15 PM",170
00137A0000013683,01,"10/3/2014 11:37:15 PM",170
00137A0000013683,01,"10/3/2014 11:38:14 PM",170
00137A0000013683,01,"10/3/2014 11:39:14 PM",170
00137A0000013683,01,"10/3/2014 11:40:14 PM",170
00137A0000013683,01,"10/3/2014 11:41:14 PM",170
00137A0000013683,01,"10/3/2014 11:42:13 PM",170
00137A0000013683,01,"10/3/2014 11:43:13 PM",170
00137A0000013683,01,"10/3/2014 11:44:13 PM",170
00137A0000013683,01,"10/3/2014 11:45:13 PM",170
00137A0000013683,01,"10/3/2014 11:46:12 PM",170
00137A0000013683,01,"10/3/2014 11:47:12 PM",170
00137A0000013683,01,"10/3/2014 11:48:12 PM",170
00137A0000013683,01,"10/3/2014 11:49:12 PM",170
00137A0000013683,01,"10/3/2014 11:50:11 PM",170
00137A0000013683,01,"10/3/2014 11:51:11 PM",170
00137A0000013683,01,"10/3/2014 11:52:11 PM",170
00137A0000013683,01,"10/3/2014 11:53:11 PM",170
00137A0000013683,01,"10/3/2014 11:54:10 PM",170
00137A0000013683,01,"10/3/2014 11:55:10 PM",170
00137A0000013683,01,"10/3/2014 11:55:10 PM",170
00137A0000013683,01,"10/3/2014 11:56:10 PM",170
00137A0000013683,01,"10/3/2014 11:57:10 PM",170
00137A0000013683,01,"10/3/2014 11:58:09 PM",170
00137A0000013683,01,"10/3/2014 11:59:09 PM",170
